,AUROC (STD),AUROC (WT),AUROC (MUT),WT +ve ratio,MUT +ve ratio,p (WT),p (MUT),WT-WT,WT-MUT,MUT-WT,MUT-MUT,Tendency
PTEN_CASP8_CC,"0.803 (0.798,0.808)",0.734,,0.808,1.0,0.653,,0.185,0.778,0.0,0.037,6.164
PTEN_KMT2A_CC,"0.803 (0.798,0.808)",0.733,,0.808,1.0,0.744,,0.185,0.778,0.0,0.037,6.164
PTEN_PIK3CA_CC,"0.803 (0.798,0.808)",0.739,0.745,0.791,0.842,0.971,0.971,0.111,0.42,0.074,0.395,0.497
PTEN_ZFHX3_CC,"0.803 (0.798,0.808)",0.746,0.667,0.806,0.857,0.914,0.914,0.16,0.667,0.025,0.148,0.525
PTEN_NSD1_CC,"0.803 (0.798,0.808)",0.736,,0.797,1.0,0.694,,0.185,0.728,0.0,0.086,7.478
PTEN_ARID4B_CC,"0.803 (0.798,0.808)",0.735,,0.81,1.0,0.513,,0.185,0.79,0.0,0.025,5.559
PTEN_FGFR2_CC,"0.803 (0.798,0.808)",0.785,0.429,0.819,0.778,0.772,0.786,0.16,0.728,0.025,0.086,-0.379
PTEN_PIK3R1_CC,"0.803 (0.798,0.808)",0.762,0.596,0.755,0.929,0.914,0.786,0.16,0.494,0.025,0.321,2.073
PTEN_KMT2C_CC,"0.803 (0.798,0.808)",0.744,,0.8,1.0,0.431,,0.185,0.741,0.0,0.074,7.232
PTEN_BRCA2_CC,"0.803 (0.798,0.808)",0.732,,0.81,1.0,0.869,,0.185,0.79,0.0,0.025,5.559
PTEN_CTNNB1_CC,"0.803 (0.798,0.808)",0.735,0.711,0.783,0.905,0.971,0.971,0.16,0.58,0.025,0.235,1.388
PTEN_TP53_CC,"0.803 (0.798,0.808)",0.674,0.771,0.884,0.417,0.772,0.971,0.099,0.753,0.086,0.062,-3.414
PTEN_ATM_CC,"0.803 (0.798,0.808)",0.734,,0.803,1.0,0.688,,0.185,0.753,0.0,0.062,6.946
PTEN_CTCF_CC,"0.803 (0.798,0.808)",0.769,0.15,0.767,0.952,0.851,0.772,0.173,0.568,0.012,0.247,2.593
PTEN_CUX1_CC,"0.803 (0.798,0.808)",0.778,0.5,0.821,0.667,0.772,0.786,0.173,0.79,0.012,0.025,-1.199
PTEN_PPP2R1A_CC,"0.803 (0.798,0.808)",0.71,1.0,0.811,0.857,0.786,0.914,0.173,0.741,0.012,0.074,0.474
PTEN_ARID1A_CC,"0.803 (0.798,0.808)",0.751,0.689,0.796,0.844,0.971,0.914,0.123,0.481,0.062,0.333,0.468
PTEN_RNF43_CC,"0.803 (0.798,0.808)",0.772,0.25,0.806,0.889,0.786,0.772,0.173,0.716,0.012,0.099,0.938
PTEN_KMT2D_CC,"0.803 (0.798,0.808)",0.732,,0.8,1.0,0.815,,0.185,0.741,0.0,0.074,7.232
PTEN_JAK1_CC,"0.803 (0.798,0.808)",0.777,0.125,0.806,0.889,0.786,0.772,0.173,0.716,0.012,0.099,0.938
PTEN_POLE_CC,"0.803 (0.798,0.808)",0.74,,0.8,1.0,0.513,,0.185,0.741,0.0,0.074,7.232
PTEN_ATRX_CC,"0.803 (0.798,0.808)",0.738,,0.8,1.0,0.571,,0.185,0.741,0.0,0.074,7.232
PTEN_KRAS_CC,"0.803 (0.798,0.808)",0.739,0.736,0.815,0.815,0.971,1.0,0.123,0.543,0.062,0.272,-0.001
PTEN_EP300_CC,"0.803 (0.798,0.808)",0.733,,0.812,1.0,0.638,,0.185,0.802,0.0,0.012,4.543
PTEN_BCOR_CC,"0.803 (0.798,0.808)",0.725,,0.803,1.0,0.752,,0.185,0.753,0.0,0.062,6.946
PTEN_NF1_CC,"0.803 (0.798,0.808)",0.738,0.25,0.816,0.8,0.851,0.772,0.173,0.765,0.012,0.049,-0.157
PTEN_INPPL1_CC,"0.803 (0.798,0.808)",0.772,0.143,0.788,0.933,0.786,0.772,0.173,0.642,0.012,0.173,1.902
PTEN_ARID5B_CC,"0.803 (0.798,0.808)",0.725,,0.786,1.0,0.969,,0.185,0.679,0.0,0.136,8.231
PTEN_FBXW7_CC,"0.803 (0.798,0.808)",0.711,0.958,0.806,0.857,0.914,0.786,0.16,0.667,0.025,0.148,0.525
PTEN_PTCH1_CC,"0.803 (0.798,0.808)",0.735,0.5,0.821,0.667,0.851,0.786,0.173,0.79,0.012,0.025,-1.199
PTEN_FAT1_CC,"0.803 (0.798,0.808)",0.735,,0.805,1.0,0.572,,0.185,0.765,0.0,0.049,6.601
PTEN_APC_CC,"0.803 (0.798,0.808)",0.749,,0.795,1.0,0.491,,0.185,0.716,0.0,0.099,7.695
PTEN_MAP3K1_CC,"0.803 (0.798,0.808)",0.733,,0.803,1.0,0.757,,0.185,0.753,0.0,0.062,6.946
PTEN_MGA_CC,"0.803 (0.798,0.808)",0.743,0.286,0.808,0.875,0.903,0.772,0.173,0.728,0.012,0.086,0.721
PTEN_KMT2B_CC,"0.803 (0.798,0.808)",0.743,,0.792,1.0,0.606,,0.185,0.704,0.0,0.111,7.89
PTEN_SETD2_CC,"0.803 (0.798,0.808)",0.731,,0.812,1.0,1.308,,0.185,0.802,0.0,0.012,4.543
TP53_ARID1A_CC,"0.788 (0.782,0.795)",0.684,0.806,0.224,0.031,0.841,0.727,0.469,0.136,0.383,0.012,-3.153
TP53_PIK3CA_CC,"0.788 (0.782,0.795)",0.667,0.745,0.163,0.132,0.841,0.841,0.444,0.086,0.407,0.062,-0.359
TP53_RNF43_CC,"0.788 (0.782,0.795)",0.715,0.625,0.153,0.111,0.841,0.841,0.753,0.136,0.099,0.012,-0.517
TP53_PTEN_CC,"0.788 (0.782,0.795)",0.714,0.475,0.467,0.076,0.921,0.0,0.099,0.086,0.753,0.062,-3.414
TP53_ZFHX3_CC,"0.788 (0.782,0.795)",0.706,,0.179,0.0,1.001,,0.679,0.148,0.173,0.0,-8.257
TP53_KMT2D_CC,"0.788 (0.782,0.795)",0.721,,0.16,0.0,0.463,,0.778,0.148,0.074,0.0,-6.84
TP53_NSD1_CC,"0.788 (0.782,0.795)",0.72,0.5,0.149,0.143,0.841,0.749,0.778,0.136,0.074,0.012,-0.056
TP53_ARID4B_CC,"0.788 (0.782,0.795)",0.708,,0.152,0.0,0.856,,0.827,0.148,0.025,0.0,-5.171
TP53_FGFR2_CC,"0.788 (0.782,0.795)",0.71,,0.167,0.0,0.866,,0.741,0.148,0.111,0.0,-7.494
TP53_PIK3R1_CC,"0.788 (0.782,0.795)",0.742,0.533,0.17,0.107,0.841,0.534,0.543,0.111,0.309,0.037,-0.766
TP53_KMT2C_CC,"0.788 (0.782,0.795)",0.753,0.2,0.147,0.167,0.534,0.534,0.79,0.136,0.062,0.012,0.229
TP53_KRAS_CC,"0.788 (0.782,0.795)",0.701,0.722,0.167,0.111,0.921,0.921,0.556,0.111,0.296,0.037,-0.675
TP53_CTNNB1_CC,"0.788 (0.782,0.795)",0.686,,0.2,0.0,0.633,,0.593,0.148,0.259,0.0,-9.038
TP53_BCOR_CC,"0.788 (0.782,0.795)",0.716,,0.158,0.0,0.561,,0.79,0.148,0.062,0.0,-6.555
TP53_NF1_CC,"0.788 (0.782,0.795)",0.74,0.25,0.145,0.2,0.534,0.534,0.802,0.136,0.049,0.012,0.573
TP53_ARID5B_CC,"0.788 (0.782,0.795)",0.733,0.4,0.157,0.091,0.749,0.534,0.728,0.136,0.123,0.012,-0.887
TP53_CTCF_CC,"0.788 (0.782,0.795)",0.72,0.55,0.183,0.048,0.862,0.679,0.605,0.136,0.247,0.012,-2.154
TP53_KMT2B_CC,"0.788 (0.782,0.795)",0.744,0.25,0.153,0.111,0.534,0.534,0.753,0.136,0.099,0.012,-0.517
TP53_PPP2R1A_CC,"0.788 (0.782,0.795)",0.695,0.7,0.135,0.286,0.841,0.841,0.79,0.123,0.062,0.025,1.359
CTNNB1_ARID1A_CC,"0.679 (0.673,0.685)",0.773,0.545,0.224,0.312,0.343,0.343,0.469,0.136,0.272,0.123,0.651
CTNNB1_PIK3CA_CC,"0.679 (0.673,0.685)",0.718,0.64,0.186,0.342,0.664,0.664,0.432,0.099,0.309,0.16,1.185
CTNNB1_TP53_CC,"0.679 (0.673,0.685)",0.632,,0.304,0.0,0.085,,0.593,0.259,0.148,0.0,-9.038
CTNNB1_PTEN_CC,"0.679 (0.673,0.685)",0.808,0.625,0.133,0.288,0.618,0.343,0.16,0.025,0.58,0.235,1.388
CTNNB1_MGA_CC,"0.679 (0.673,0.685)",0.686,0.286,0.274,0.125,0.664,0.343,0.654,0.247,0.086,0.012,-1.39
CTNNB1_KRAS_CC,"0.679 (0.673,0.685)",0.668,0.728,0.315,0.148,0.859,0.664,0.457,0.21,0.284,0.049,-1.399
CTNNB1_PPP2R1A_CC,"0.679 (0.673,0.685)",0.696,0.4,0.257,0.286,0.578,0.578,0.679,0.235,0.062,0.025,0.215
ARID1A_CASP8_CC,"0.670 (0.664,0.675)",0.526,,0.41,0.0,0.983,,0.568,0.395,0.037,0.0,-7.71
ARID1A_KMT2A_CC,"0.670 (0.664,0.675)",0.514,0.5,0.385,0.667,0.915,1.0,0.593,0.37,0.012,0.025,1.671
ARID1A_PIK3CA_CC,"0.670 (0.664,0.675)",0.522,0.506,0.419,0.368,1.0,0.915,0.309,0.222,0.296,0.173,-0.303
ARID1A_ZFHX3_CC,"0.670 (0.664,0.675)",0.498,0.675,0.328,0.714,0.915,0.915,0.556,0.272,0.049,0.123,2.352
ARID1A_NSD1_CC,"0.670 (0.664,0.675)",0.503,0.5,0.365,0.714,0.915,1.0,0.58,0.333,0.025,0.062,2.117
ARID1A_ARID4B_CC,"0.670 (0.664,0.675)",0.516,1.0,0.392,0.5,0.915,0.915,0.593,0.383,0.012,0.012,0.631
ARID1A_MSH6_CC,"0.670 (0.664,0.675)",0.525,0.667,0.395,0.4,1.0,0.915,0.568,0.37,0.037,0.025,0.034
ARID1A_PIK3R1_CC,"0.670 (0.664,0.675)",0.508,0.557,0.377,0.429,0.915,0.915,0.407,0.247,0.198,0.148,0.307
ARID1A_KMT2C_CC,"0.670 (0.664,0.675)",0.543,0.444,0.387,0.5,0.915,0.915,0.568,0.358,0.037,0.037,0.665
ARID1A_BRCA2_CC,"0.670 (0.664,0.675)",0.518,1.0,0.392,0.5,0.915,0.915,0.593,0.383,0.012,0.012,0.631
ARID1A_DICER1_CC,"0.670 (0.664,0.675)",0.536,0.0,0.377,0.75,0.915,0.915,0.593,0.358,0.012,0.037,2.302
ARID1A_CTNNB1_CC,"0.670 (0.664,0.675)",0.535,0.491,0.367,0.476,0.976,0.915,0.469,0.272,0.136,0.123,0.651
ARID1A_TP53_CC,"0.670 (0.664,0.675)",0.49,0.727,0.449,0.083,0.915,0.915,0.469,0.383,0.136,0.012,-3.153
ARID1A_ATM_CC,"0.670 (0.664,0.675)",0.533,0.667,0.395,0.4,0.915,0.915,0.568,0.37,0.037,0.025,0.034
ARID1A_CTCF_CC,"0.670 (0.664,0.675)",0.515,0.529,0.317,0.619,0.915,1.0,0.506,0.235,0.099,0.16,1.809
ARID1A_CUX1_CC,"0.670 (0.664,0.675)",0.542,0.0,0.397,0.333,0.915,0.915,0.58,0.383,0.025,0.012,-0.393
ARID1A_PPP2R1A_CC,"0.670 (0.664,0.675)",0.521,0.7,0.405,0.286,0.915,0.915,0.543,0.37,0.062,0.025,-0.765
ARID1A_PTEN_CC,"0.670 (0.664,0.675)",0.58,0.499,0.333,0.409,0.915,0.915,0.123,0.062,0.481,0.333,0.468
ARID1A_KMT2D_CC,"0.670 (0.664,0.675)",0.515,0.667,0.387,0.5,0.915,0.915,0.568,0.358,0.037,0.037,0.665
ARID1A_JAK1_CC,"0.670 (0.664,0.675)",0.501,1.0,0.333,0.889,0.915,0.915,0.593,0.296,0.012,0.099,3.987
ARID1A_POLE_CC,"0.670 (0.664,0.675)",0.543,0.4,0.413,0.167,0.915,0.915,0.543,0.383,0.062,0.012,-1.805
ARID1A_ATRX_CC,"0.670 (0.664,0.675)",0.54,0.375,0.4,0.333,0.915,0.915,0.556,0.37,0.049,0.025,-0.412
ARID1A_KRAS_CC,"0.670 (0.664,0.675)",0.603,0.335,0.352,0.481,0.915,0.915,0.432,0.235,0.173,0.16,0.774
ARID1A_BCOR_CC,"0.670 (0.664,0.675)",0.513,0.5,0.382,0.6,0.915,1.0,0.58,0.358,0.025,0.037,1.279
ARID1A_NF1_CC,"0.670 (0.664,0.675)",0.539,0.25,0.408,0.2,0.915,0.915,0.556,0.383,0.049,0.012,-1.452
ARID1A_INPPL1_CC,"0.670 (0.664,0.675)",0.572,0.278,0.348,0.6,0.915,0.915,0.531,0.284,0.074,0.111,1.487
ARID1A_RASA1_CC,"0.670 (0.664,0.675)",0.52,0.667,0.403,0.25,0.915,0.915,0.568,0.383,0.037,0.012,-1.006
ARID1A_PTCH1_CC,"0.670 (0.664,0.675)",0.518,,0.41,0.0,0.48,,0.568,0.395,0.037,0.0,-7.71
ARID1A_FAT1_CC,"0.670 (0.664,0.675)",0.515,1.0,0.403,0.25,0.915,0.915,0.568,0.383,0.037,0.012,-1.006
ARID1A_APC_CC,"0.670 (0.664,0.675)",0.539,0.25,0.411,0.25,0.915,0.915,0.531,0.37,0.074,0.025,-1.061
ARID1A_MAP3K1_CC,"0.670 (0.664,0.675)",0.528,0.5,0.408,0.2,1.0,1.0,0.556,0.383,0.049,0.012,-1.452
ARID1A_MGA_CC,"0.670 (0.664,0.675)",0.54,0.333,0.411,0.25,0.915,0.915,0.531,0.37,0.074,0.025,-1.061
ARID1A_KMT2B_CC,"0.670 (0.664,0.675)",0.544,0.35,0.375,0.556,0.915,0.915,0.556,0.333,0.049,0.062,1.058
ARID1A_SETD2_CC,"0.670 (0.664,0.675)",0.537,,0.4,0.0,0.421,,0.593,0.395,0.012,0.0,-6.073
KRAS_ARID1A_CG,"0.669 (0.660,0.678)",0.771,0.603,0.286,0.406,0.5,0.593,0.432,0.173,0.235,0.16,0.774
KRAS_RNF43_CG,"0.669 (0.660,0.678)",0.735,0.45,0.319,0.444,0.494,0.593,0.605,0.284,0.062,0.049,0.77
KRAS_TP53_CG,"0.669 (0.660,0.678)",0.681,0.852,0.348,0.25,0.864,0.77,0.556,0.296,0.111,0.037,-0.675
KRAS_PTEN_CG,"0.669 (0.660,0.678)",0.76,0.68,0.333,0.333,0.864,0.864,0.123,0.062,0.543,0.272,-0.001
KRAS_CTCF_CG,"0.669 (0.660,0.678)",0.694,0.738,0.367,0.238,0.989,0.864,0.469,0.272,0.198,0.062,-0.888
KRAS_JAK1_CG,"0.669 (0.660,0.678)",0.681,0.722,0.333,0.333,0.864,0.989,0.593,0.296,0.074,0.037,0.002
KRAS_FGFR2_CG,"0.669 (0.660,0.678)",0.747,0.25,0.361,0.111,0.494,0.494,0.568,0.321,0.099,0.012,-2.165
KRAS_CTNNB1_CG,"0.669 (0.660,0.678)",0.644,0.868,0.383,0.19,0.5,0.494,0.457,0.284,0.21,0.049,-1.399
KRAS_KMT2B_CG,"0.669 (0.660,0.678)",0.688,0.778,0.333,0.333,0.864,0.864,0.593,0.296,0.074,0.037,0.002
MGA_ARID1A_SG,"0.688 (0.677,0.699)",0.446,0.883,0.122,0.062,0.497,0.41,0.531,0.074,0.37,0.025,-1.061
MGA_CASP8_SG,"0.688 (0.677,0.699)",0.674,0.0,0.077,0.667,0.186,0.427,0.889,0.074,0.012,0.025,4.576
MGA_KMT2A_SG,"0.688 (0.677,0.699)",0.608,0.0,0.09,0.333,0.41,0.427,0.877,0.086,0.025,0.012,2.348
MGA_RNF43_SG,"0.688 (0.677,0.699)",0.561,,0.111,0.0,0.769,,0.79,0.099,0.111,0.0,-6.817
MGA_PTEN_SG,"0.688 (0.677,0.699)",0.571,0.545,0.067,0.106,0.866,0.895,0.173,0.012,0.728,0.086,0.721
MGA_ZFHX3_SG,"0.688 (0.677,0.699)",0.615,0.292,0.09,0.143,0.497,0.497,0.753,0.074,0.148,0.025,0.765
MGA_NSD1_SG,"0.688 (0.677,0.699)",0.461,0.9,0.081,0.286,0.352,0.484,0.84,0.074,0.062,0.025,2.183
MGA_JAK1_SG,"0.688 (0.677,0.699)",0.561,,0.111,0.0,0.778,,0.79,0.099,0.111,0.0,-6.817
MGA_POLE_SG,"0.688 (0.677,0.699)",0.595,0.375,0.053,0.667,0.497,0.497,0.877,0.049,0.025,0.049,5.143
MGA_ARID4B_SG,"0.688 (0.677,0.699)",0.601,0.0,0.089,0.5,0.424,0.427,0.889,0.086,0.012,0.012,3.361
MGA_MSH6_SG,"0.688 (0.677,0.699)",0.548,0.5,0.079,0.4,0.735,0.537,0.864,0.074,0.037,0.025,2.96
MGA_PIK3R1_SG,"0.688 (0.677,0.699)",0.342,0.907,0.094,0.107,0.352,0.41,0.593,0.062,0.309,0.037,0.206
MGA_ATRX_SG,"0.688 (0.677,0.699)",0.587,0.375,0.08,0.333,0.497,0.497,0.852,0.074,0.049,0.025,2.525
MGA_KMT2C_SG,"0.688 (0.677,0.699)",0.518,0.75,0.053,0.667,0.497,0.515,0.877,0.049,0.025,0.049,5.143
MGA_BRCA2_SG,"0.688 (0.677,0.699)",0.502,1.0,0.089,0.5,0.41,0.484,0.889,0.086,0.012,0.012,3.361
MGA_DICER1_SG,"0.688 (0.677,0.699)",0.608,0.0,0.091,0.25,0.424,0.427,0.864,0.086,0.037,0.012,1.745
MGA_EP300_SG,"0.688 (0.677,0.699)",0.501,,0.088,1.0,0.049,,0.901,0.086,0.0,0.012,10.039
MGA_CTNNB1_SG,"0.688 (0.677,0.699)",0.617,0.1,0.117,0.048,0.515,0.403,0.654,0.086,0.247,0.012,-1.39
MGA_NF1_SG,"0.688 (0.677,0.699)",0.563,0.5,0.066,0.6,0.548,0.537,0.877,0.062,0.025,0.037,4.408
MGA_ARID5B_SG,"0.688 (0.677,0.699)",0.586,0.389,0.086,0.182,0.56,0.537,0.79,0.074,0.111,0.025,1.249
MGA_RB1_SG,"0.688 (0.677,0.699)",0.581,0.5,0.077,0.667,0.484,0.497,0.889,0.074,0.012,0.025,4.576
MGA_RASA1_SG,"0.688 (0.677,0.699)",0.664,0.0,0.078,0.5,0.186,0.427,0.877,0.074,0.025,0.025,3.563
MGA_PTCH1_SG,"0.688 (0.677,0.699)",0.505,0.5,0.077,0.667,0.424,0.497,0.889,0.074,0.012,0.025,4.576
MGA_FAT1_SG,"0.688 (0.677,0.699)",0.552,0.75,0.078,0.5,0.912,0.497,0.877,0.074,0.025,0.025,3.563
MGA_ATM_SG,"0.688 (0.677,0.699)",0.656,0.5,0.066,0.6,0.209,0.537,0.877,0.062,0.025,0.037,4.408
MGA_CTCF_SG,"0.688 (0.677,0.699)",0.498,0.648,0.083,0.143,0.537,0.693,0.679,0.062,0.222,0.037,0.876
MGA_APC_SG,"0.688 (0.677,0.699)",0.529,0.5,0.055,0.5,0.537,0.584,0.852,0.049,0.049,0.049,4.105
MGA_CUX1_SG,"0.688 (0.677,0.699)",0.55,,0.103,0.0,0.785,,0.864,0.099,0.037,0.0,-5.106
MGA_MAP3K1_SG,"0.688 (0.677,0.699)",0.671,0.333,0.079,0.4,0.186,0.497,0.864,0.074,0.037,0.025,2.96
MGA_SETD2_SG,"0.688 (0.677,0.699)",0.603,,0.088,1.0,0.075,,0.901,0.086,0.0,0.012,10.039
FGFR2_TP53_CG,"0.608 (0.597,0.618)",0.433,,0.13,0.0,0.669,,0.741,0.111,0.148,0.0,-7.494
FGFR2_PTEN_CG,"0.608 (0.597,0.618)",0.654,0.412,0.133,0.106,0.514,0.514,0.16,0.025,0.728,0.086,-0.379
FGFR2_KMT2D_CG,"0.608 (0.597,0.618)",0.42,0.5,0.093,0.333,0.514,0.514,0.84,0.086,0.049,0.025,2.282
FGFR2_BCORL1_CG,"0.608 (0.597,0.618)",0.396,1.0,0.103,0.333,0.318,0.492,0.864,0.099,0.025,0.012,2.135
FGFR2_KRAS_CG,"0.608 (0.597,0.618)",0.397,0.923,0.148,0.037,0.514,0.246,0.568,0.099,0.321,0.012,-2.165
CTCF_ARID1A_CG,"0.615 (0.607,0.623)",0.747,0.696,0.163,0.406,0.818,0.818,0.506,0.099,0.235,0.16,1.809
CTCF_CASP8_CG,"0.615 (0.607,0.623)",0.72,1.0,0.244,0.667,0.818,0.818,0.728,0.235,0.012,0.025,2.627
CTCF_RNF43_CG,"0.615 (0.607,0.623)",0.695,0.85,0.236,0.444,0.818,0.818,0.679,0.21,0.062,0.049,1.372
CTCF_PTEN_CG,"0.615 (0.607,0.623)",0.929,0.697,0.067,0.303,0.818,0.818,0.173,0.012,0.568,0.247,2.593
CTCF_KMT2D_CG,"0.615 (0.607,0.623)",0.706,1.0,0.24,0.5,0.818,0.818,0.704,0.222,0.037,0.037,1.662
CTCF_JAK1_CG,"0.615 (0.607,0.623)",0.709,0.75,0.236,0.444,0.818,0.981,0.679,0.21,0.062,0.049,1.372
CTCF_POLE_CG,"0.615 (0.607,0.623)",0.71,0.889,0.24,0.5,0.818,0.818,0.704,0.222,0.037,0.037,1.662
CTCF_ARID4B_CG,"0.615 (0.607,0.623)",0.72,,0.266,0.0,0.516,,0.716,0.259,0.025,0.0,-6.186
CTCF_MSH6_CG,"0.615 (0.607,0.623)",0.744,0.5,0.237,0.6,0.818,0.818,0.716,0.222,0.025,0.037,2.27
CTCF_PIK3R1_CG,"0.615 (0.607,0.623)",0.693,0.789,0.208,0.357,0.818,0.818,0.519,0.136,0.222,0.123,1.085
CTCF_ATRX_CG,"0.615 (0.607,0.623)",0.699,1.0,0.253,0.333,0.818,0.818,0.691,0.235,0.049,0.025,0.563
CTCF_KMT2C_CG,"0.615 (0.607,0.623)",0.706,0.75,0.227,0.667,0.818,0.881,0.716,0.21,0.025,0.049,2.766
CTCF_BRCA2_CG,"0.615 (0.607,0.623)",0.731,,0.266,0.0,0.629,,0.716,0.259,0.025,0.0,-6.186
CTCF_KRAS_CG,"0.615 (0.607,0.623)",0.745,0.691,0.296,0.185,0.818,0.818,0.469,0.198,0.272,0.062,-0.888
CTCF_NF1_CG,"0.615 (0.607,0.623)",0.713,0.833,0.237,0.6,0.818,0.818,0.716,0.222,0.025,0.037,2.27
CTCF_ARID5B_CG,"0.615 (0.607,0.623)",0.759,0.444,0.271,0.182,0.818,0.818,0.63,0.235,0.111,0.025,-0.74
CTCF_PTCH1_CG,"0.615 (0.607,0.623)",0.722,1.0,0.256,0.333,0.823,0.818,0.716,0.247,0.025,0.012,0.543
CTCF_TP53_CG,"0.615 (0.607,0.623)",0.705,1.0,0.29,0.083,0.818,0.818,0.605,0.247,0.136,0.012,-2.154
CTCF_FAT1_CG,"0.615 (0.607,0.623)",0.721,1.0,0.247,0.5,0.818,0.818,0.716,0.235,0.025,0.025,1.61
CTCF_ATM_CG,"0.615 (0.607,0.623)",0.73,0.75,0.263,0.2,0.823,0.907,0.691,0.247,0.049,0.012,-0.504
CTCF_BCORL1_CG,"0.615 (0.607,0.623)",0.71,,0.231,1.0,0.124,,0.741,0.222,0.0,0.037,9.97
CTCF_CUX1_CG,"0.615 (0.607,0.623)",0.728,0.5,0.256,0.333,0.914,0.818,0.716,0.247,0.025,0.012,0.543
CTCF_MGA_CG,"0.615 (0.607,0.623)",0.749,0.6,0.247,0.375,0.818,0.818,0.679,0.222,0.062,0.037,0.876
CTCF_KMT2B_CG,"0.615 (0.607,0.623)",0.742,0.611,0.25,0.333,0.818,0.818,0.667,0.222,0.074,0.037,0.587
CTCF_SETD2_CG,"0.615 (0.607,0.623)",0.729,,0.25,1.0,0.569,,0.741,0.247,0.0,0.012,8.243
CTCF_PPP2R1A_CG,"0.615 (0.607,0.623)",0.713,0.9,0.257,0.286,0.818,0.818,0.679,0.235,0.062,0.025,0.215
JAK1_ARID1A_SG,"0.703 (0.693,0.713)",0.042,0.37,0.02,0.25,0.04,0.789,0.593,0.012,0.296,0.099,3.987
JAK1_RNF43_SG,"0.703 (0.693,0.713)",0.382,0.2,0.069,0.444,0.302,0.652,0.827,0.062,0.062,0.049,3.42
JAK1_KMT2A_SG,"0.703 (0.693,0.713)",0.282,0.0,0.09,0.667,0.302,0.558,0.877,0.086,0.012,0.025,4.333
JAK1_PTEN_SG,"0.703 (0.693,0.713)",0.143,0.338,0.067,0.121,0.601,0.9,0.173,0.012,0.716,0.099,0.938
JAK1_ZFHX3_SG,"0.703 (0.693,0.713)",0.194,0.475,0.075,0.286,0.302,0.592,0.765,0.062,0.123,0.049,2.31
JAK1_KMT2D_SG,"0.703 (0.693,0.713)",0.37,0.125,0.093,0.333,0.302,0.558,0.84,0.086,0.049,0.025,2.282
JAK1_NSD1_SG,"0.703 (0.693,0.713)",0.332,,0.122,0.0,0.933,,0.802,0.111,0.086,0.0,-6.602
JAK1_POLE_SG,"0.703 (0.693,0.713)",0.25,1.0,0.107,0.167,0.302,0.302,0.827,0.099,0.062,0.012,0.754
JAK1_ARID4B_SG,"0.703 (0.693,0.713)",0.322,1.0,0.101,0.5,0.652,0.333,0.877,0.099,0.012,0.012,3.148
JAK1_ATRX_SG,"0.703 (0.693,0.713)",0.25,1.0,0.107,0.167,0.302,0.302,0.827,0.099,0.062,0.012,0.754
JAK1_KMT2C_SG,"0.703 (0.693,0.713)",0.244,0.75,0.093,0.333,0.302,0.364,0.84,0.086,0.049,0.025,2.282
JAK1_BRCA2_SG,"0.703 (0.693,0.713)",0.332,,0.114,0.0,0.445,,0.864,0.111,0.025,0.0,-4.693
JAK1_KRAS_SG,"0.703 (0.693,0.713)",0.389,0.153,0.111,0.111,0.592,0.558,0.593,0.074,0.296,0.037,0.002
JAK1_EP300_SG,"0.703 (0.693,0.713)",0.329,,0.112,0.0,0.757,,0.877,0.111,0.012,0.0,-3.68
JAK1_BCOR_SG,"0.703 (0.693,0.713)",0.294,0.667,0.092,0.4,0.435,0.408,0.852,0.086,0.037,0.025,2.717
JAK1_NF1_SG,"0.703 (0.693,0.713)",0.257,1.0,0.105,0.2,0.304,0.302,0.84,0.099,0.049,0.012,1.097
JAK1_INPPL1_SG,"0.703 (0.693,0.713)",0.347,0.278,0.091,0.2,0.789,0.867,0.741,0.074,0.148,0.037,1.323
JAK1_RASA1_SG,"0.703 (0.693,0.713)",0.326,0.333,0.104,0.25,0.9,0.592,0.852,0.099,0.037,0.012,1.532
JAK1_PTCH1_SG,"0.703 (0.693,0.713)",0.37,0.0,0.103,0.333,0.302,0.558,0.864,0.099,0.025,0.012,2.135
JAK1_FAT1_SG,"0.703 (0.693,0.713)",0.328,,0.117,0.0,0.995,,0.84,0.111,0.049,0.0,-5.731
JAK1_ATM_SG,"0.703 (0.693,0.713)",0.317,0.167,0.092,0.4,0.601,0.562,0.852,0.086,0.037,0.025,2.717
JAK1_CTCF_SG,"0.703 (0.693,0.713)",0.309,0.338,0.083,0.19,0.789,0.856,0.679,0.062,0.21,0.049,1.372
JAK1_APC_SG,"0.703 (0.693,0.713)",0.244,1.0,0.11,0.125,0.302,0.302,0.802,0.099,0.086,0.012,0.226
JAK1_BCORL1_SG,"0.703 (0.693,0.713)",0.346,0.0,0.103,0.333,0.435,0.558,0.864,0.099,0.025,0.012,2.135
JAK1_CUX1_SG,"0.703 (0.693,0.713)",0.332,,0.115,0.0,0.737,,0.852,0.111,0.037,0.0,-5.296
JAK1_MAP3K1_SG,"0.703 (0.693,0.713)",0.342,0.25,0.105,0.2,0.592,0.669,0.84,0.099,0.049,0.012,1.097
JAK1_MGA_SG,"0.703 (0.693,0.713)",0.325,,0.123,0.0,0.804,,0.79,0.111,0.099,0.0,-6.817
JAK1_KMT2B_SG,"0.703 (0.693,0.713)",0.381,0.278,0.083,0.333,0.302,0.743,0.815,0.074,0.074,0.037,2.46
JAK1_SETD2_SG,"0.703 (0.693,0.713)",0.329,,0.112,0.0,0.768,,0.877,0.111,0.012,0.0,-3.68
NSD1_ARID1A_CG,"0.636 (0.625,0.648)",0.606,0.681,0.041,0.156,0.985,0.72,0.58,0.025,0.333,0.062,2.117
NSD1_CASP8_CG,"0.636 (0.625,0.648)",0.612,,0.09,0.0,0.868,,0.877,0.086,0.037,0.0,-4.893
NSD1_KMT2A_CG,"0.636 (0.625,0.648)",0.614,,0.09,0.0,0.679,,0.877,0.086,0.037,0.0,-4.893
NSD1_RNF43_CG,"0.636 (0.625,0.648)",0.716,0.357,0.069,0.222,0.495,0.495,0.827,0.062,0.086,0.025,1.939
NSD1_PTEN_CG,"0.636 (0.625,0.648)",,0.591,0.0,0.106,,0.753,0.185,0.0,0.728,0.086,7.478
NSD1_ZFHX3_CG,"0.636 (0.625,0.648)",0.631,0.385,0.09,0.071,0.668,0.495,0.753,0.074,0.16,0.012,-0.344
NSD1_KMT2D_CG,"0.636 (0.625,0.648)",0.613,,0.093,0.0,0.806,,0.84,0.086,0.074,0.0,-5.953
NSD1_JAK1_CG,"0.636 (0.625,0.648)",0.622,,0.097,0.0,0.6,,0.802,0.086,0.111,0.0,-6.602
NSD1_POLE_CG,"0.636 (0.625,0.648)",0.607,,0.093,0.0,0.96,,0.84,0.086,0.074,0.0,-5.953
NSD1_ARID4B_CG,"0.636 (0.625,0.648)",0.611,,0.089,0.0,0.844,,0.889,0.086,0.025,0.0,-4.29
NSD1_KMT2C_CG,"0.636 (0.625,0.648)",0.556,1.0,0.08,0.167,0.495,0.495,0.852,0.074,0.062,0.012,1.211
NSD1_BRCA2_CG,"0.636 (0.625,0.648)",0.607,,0.089,0.0,0.799,,0.889,0.086,0.025,0.0,-4.29
NSD1_EP300_CG,"0.636 (0.625,0.648)",0.611,,0.088,0.0,1.011,,0.901,0.086,0.012,0.0,-3.278
NSD1_NF1_CG,"0.636 (0.625,0.648)",0.611,,0.092,0.0,0.957,,0.852,0.086,0.062,0.0,-5.669
NSD1_ARID5B_CG,"0.636 (0.625,0.648)",0.56,1.0,0.086,0.091,0.495,0.495,0.79,0.074,0.123,0.012,0.104
NSD1_RB1_CG,"0.636 (0.625,0.648)",0.612,,0.09,0.0,0.869,,0.877,0.086,0.037,0.0,-4.893
NSD1_RASA1_CG,"0.636 (0.625,0.648)",0.61,,0.091,0.0,0.981,,0.864,0.086,0.049,0.0,-5.327
NSD1_TP53_CG,"0.636 (0.625,0.648)",0.659,0.273,0.087,0.083,0.495,0.495,0.778,0.074,0.136,0.012,-0.056
NSD1_ATM_CG,"0.636 (0.625,0.648)",0.609,,0.092,0.0,1.002,,0.852,0.086,0.062,0.0,-5.669
NSD1_APC_CG,"0.636 (0.625,0.648)",0.624,0.5,0.068,0.25,0.594,0.495,0.84,0.062,0.074,0.025,2.183
NSD1_BCORL1_CG,"0.636 (0.625,0.648)",0.608,,0.09,0.0,0.921,,0.877,0.086,0.037,0.0,-4.893
NSD1_CUX1_CG,"0.636 (0.625,0.648)",0.546,1.0,0.077,0.333,0.495,0.495,0.889,0.074,0.025,0.012,2.59
NSD1_MAP3K1_CG,"0.636 (0.625,0.648)",0.611,,0.092,0.0,0.96,,0.852,0.086,0.062,0.0,-5.669
NSD1_MGA_CG,"0.636 (0.625,0.648)",0.662,0.5,0.068,0.25,0.495,0.495,0.84,0.062,0.074,0.025,2.183
NSD1_KMT2B_CG,"0.636 (0.625,0.648)",0.563,1.0,0.083,0.111,0.495,0.495,0.815,0.074,0.099,0.012,0.47
APC_ARID1A_SC,"0.657 (0.644,0.670)",0.671,0.6,0.122,0.062,0.93,0.739,0.531,0.074,0.37,0.025,-1.061
APC_CASP8_SC,"0.657 (0.644,0.670)",0.572,1.0,0.077,0.667,0.034,0.439,0.889,0.074,0.012,0.025,4.576
APC_KMT2A_SC,"0.657 (0.644,0.670)",0.622,1.0,0.09,0.333,0.337,0.439,0.877,0.086,0.025,0.012,2.348
APC_PIK3CA_SC,"0.657 (0.644,0.670)",0.646,0.63,0.047,0.158,0.877,0.83,0.506,0.025,0.395,0.074,1.938
APC_PTEN_SC,"0.657 (0.644,0.670)",,0.675,0.0,0.121,,0.782,0.185,0.0,0.716,0.099,7.695
APC_ZFHX3_SC,"0.657 (0.644,0.670)",0.652,0.697,0.075,0.214,0.848,0.824,0.765,0.062,0.136,0.037,1.759
APC_KMT2D_SC,"0.657 (0.644,0.670)",0.659,,0.107,0.0,0.875,,0.827,0.099,0.074,0.0,-6.167
APC_NSD1_SC,"0.657 (0.644,0.670)",0.745,0.6,0.081,0.286,0.14,0.559,0.84,0.074,0.062,0.025,2.183
APC_JAK1_SC,"0.657 (0.644,0.670)",0.635,1.0,0.097,0.111,0.559,0.439,0.802,0.086,0.099,0.012,0.226
APC_POLE_SC,"0.657 (0.644,0.670)",0.356,0.8,0.04,0.833,0.0,0.559,0.889,0.037,0.012,0.062,6.891
APC_ARID4B_SC,"0.657 (0.644,0.670)",0.633,1.0,0.089,0.5,0.405,0.439,0.889,0.086,0.012,0.012,3.361
APC_MSH6_SC,"0.657 (0.644,0.670)",0.577,0.833,0.066,0.6,0.088,0.466,0.877,0.062,0.025,0.037,4.408
APC_ATRX_SC,"0.657 (0.644,0.670)",0.52,0.778,0.067,0.5,0.013,0.559,0.864,0.062,0.037,0.037,3.805
APC_KMT2C_SC,"0.657 (0.644,0.670)",0.588,0.6,0.04,0.833,0.14,0.559,0.889,0.037,0.012,0.062,6.891
APC_BRCA2_SC,"0.657 (0.644,0.670)",0.673,1.0,0.089,0.5,0.439,0.439,0.889,0.086,0.012,0.012,3.361
APC_DICER1_SC,"0.657 (0.644,0.670)",0.575,1.0,0.078,0.5,0.066,0.439,0.877,0.074,0.025,0.025,3.563
APC_EP300_SC,"0.657 (0.644,0.670)",0.677,,0.088,1.0,0.097,,0.901,0.086,0.0,0.012,10.039
APC_BCOR_SC,"0.657 (0.644,0.670)",0.669,,0.105,0.0,0.69,,0.84,0.099,0.062,0.0,-5.883
APC_NF1_SC,"0.657 (0.644,0.670)",0.479,1.0,0.053,0.8,0.0,0.439,0.889,0.049,0.012,0.049,6.156
APC_RB1_SC,"0.657 (0.644,0.670)",0.636,1.0,0.09,0.333,0.439,0.439,0.877,0.086,0.025,0.012,2.348
APC_RASA1_SC,"0.657 (0.644,0.670)",0.58,1.0,0.078,0.5,0.078,0.439,0.877,0.074,0.025,0.025,3.563
APC_FBXW7_SC,"0.657 (0.644,0.670)",0.443,0.867,0.045,0.357,0.013,0.559,0.79,0.037,0.111,0.062,3.564
APC_FAT1_SC,"0.657 (0.644,0.670)",0.572,1.0,0.065,0.75,0.051,0.439,0.889,0.062,0.012,0.037,5.421
APC_ATM_SC,"0.657 (0.644,0.670)",0.581,1.0,0.079,0.4,0.095,0.439,0.864,0.074,0.037,0.025,2.96
APC_CUX1_SC,"0.657 (0.644,0.670)",0.659,,0.103,0.0,0.788,,0.864,0.099,0.037,0.0,-5.106
APC_MAP3K1_SC,"0.657 (0.644,0.670)",0.588,1.0,0.079,0.4,0.113,0.439,0.864,0.074,0.037,0.025,2.96
APC_MGA_SC,"0.657 (0.644,0.670)",0.649,0.75,0.055,0.5,0.714,0.607,0.852,0.049,0.049,0.049,4.105
APC_SPOP_SC,"0.657 (0.644,0.670)",0.616,1.0,0.09,0.333,0.224,0.439,0.877,0.086,0.025,0.012,2.348
APC_SETD2_SC,"0.657 (0.644,0.670)",0.618,,0.088,1.0,0.051,,0.901,0.086,0.0,0.012,10.039
RNF43_CASP8_CG,"0.599 (0.589,0.610)",0.538,1.0,0.103,0.333,0.201,0.321,0.864,0.099,0.025,0.012,2.135
RNF43_PTEN_CG,"0.599 (0.589,0.610)",1.0,0.487,0.067,0.121,0.201,0.201,0.173,0.012,0.716,0.099,0.938
RNF43_ZFHX3_CG,"0.599 (0.589,0.610)",0.658,0.424,0.09,0.214,0.201,0.554,0.753,0.074,0.136,0.037,1.473
RNF43_KMT2D_CG,"0.599 (0.589,0.610)",0.528,1.0,0.107,0.167,0.208,0.287,0.827,0.099,0.062,0.012,0.754
RNF43_NSD1_CG,"0.599 (0.589,0.610)",0.648,0.2,0.095,0.286,0.149,0.265,0.827,0.086,0.062,0.025,1.939
RNF43_JAK1_CG,"0.599 (0.589,0.610)",0.406,0.65,0.069,0.444,0.007,0.6,0.827,0.062,0.062,0.049,3.42
RNF43_ARID4B_CG,"0.599 (0.589,0.610)",0.578,,0.114,0.0,0.759,,0.864,0.111,0.025,0.0,-4.693
RNF43_ATRX_CG,"0.599 (0.589,0.610)",0.579,,0.12,0.0,0.94,,0.815,0.111,0.074,0.0,-6.358
RNF43_KMT2C_CG,"0.599 (0.589,0.610)",0.576,0.6,0.107,0.167,0.845,0.669,0.827,0.099,0.062,0.012,0.754
RNF43_BRCA2_CG,"0.599 (0.589,0.610)",0.583,,0.114,0.0,0.844,,0.864,0.111,0.025,0.0,-4.693
RNF43_KRAS_CG,"0.599 (0.589,0.610)",0.743,0.283,0.093,0.148,0.149,0.201,0.605,0.062,0.284,0.049,0.77
RNF43_INPPL1_CG,"0.599 (0.589,0.610)",0.511,0.667,0.091,0.2,0.265,0.669,0.741,0.074,0.148,0.037,1.323
RNF43_ARID5B_CG,"0.599 (0.589,0.610)",0.577,,0.129,0.0,0.903,,0.753,0.111,0.136,0.0,-7.345
RNF43_PTCH1_CG,"0.599 (0.589,0.610)",0.538,1.0,0.103,0.333,0.201,0.321,0.864,0.099,0.025,0.012,2.135
RNF43_TP53_CG,"0.599 (0.589,0.610)",0.582,0.545,0.116,0.083,0.986,0.785,0.753,0.099,0.136,0.012,-0.517
RNF43_CTCF_CG,"0.599 (0.589,0.610)",0.433,0.809,0.083,0.19,0.149,0.297,0.679,0.062,0.21,0.049,1.372
RNF43_CUX1_CG,"0.599 (0.589,0.610)",0.57,,0.115,0.0,0.383,,0.852,0.111,0.037,0.0,-5.296
RNF43_MGA_CG,"0.599 (0.589,0.610)",0.582,,0.123,0.0,1.007,,0.79,0.111,0.099,0.0,-6.817
RNF43_KMT2B_CG,"0.599 (0.589,0.610)",0.631,0.111,0.083,0.333,0.247,0.149,0.815,0.074,0.074,0.037,2.46
